[
    {
        "id": 0,
        "name": "Press Coffee",
        "parent_id": null,
        "email": "presscoffee@example.com",
        "phone": "",
        "physical_address": "1668 N. Higley Rd.",
        "shipping_address": "1668 N. Higley Rd.",
        "billing_address": "1668 N. Higley Rd.",
        "contact_type": "Customer/Business",
        "contact_status": "active",
        "category_description": "Cafe - Coffee Shop",
        "region": "Southwest",
        "state": "AZ",
        "zip": "85234",
        "city": "Gilbert",
        "location_name": "SPROUTS HIGLEY",
        "country": "USA",
        "service_zone": "Southwest",
        "route": "210",
        "pwsid": "1145",
        "is_liquos_account": false,
        "hours_of_operation": "7:00 AM - 5:00 PM",
        "days_of_operation": "Monday - Sunday"
    },
    {
        "id": 1,
        "name": "Press Coffee - 1",
        "parent_id": 0,
        "email": "presscoffee1@example.com",
        "phone": "",
        "physical_address": "1668 N. Higley Rd.",
        "shipping_address": "1668 N. Higley Rd.",
        "billing_address": "1668 N. Higley Rd.",
        "contact_type": "Vendor",
        "contact_status": "active",
        "category_description": "Cafe - Coffee Shop",
        "region": "Southwest",
        "state": "AZ",
        "zip": "85234",
        "city": "Gilbert",
        "location_name": "SPROUTS HIGLEY",
        "country": "USA",
        "service_zone": "Southwest",
        "route": "210",
        "pwsid": "1145",
        "is_liquos_account": false,
        "hours_of_operation": "7:00 AM - 5:00 PM",
        "days_of_operation": "Monday - Sunday"
    },
    {
        "id": 2,
        "name": "Press Coffee - 2",
        "parent_id": 0,
        "email": "presscoffee2@example.com",
        "phone": "4802071286",
        "physical_address": "Carefree Hwy. & I-17 34750 N. North Valley Pkwy.",
        "shipping_address": "Carefree Hwy. & I-17 34750 N. North Valley Pkwy.",
        "billing_address": "Carefree Hwy. & I-17 34750 N. North Valley Pkwy.",
        "contact_type": "Customer/Business",
        "contact_status": "active",
        "category_description": "Cafe - Coffee Shop",
        "region": "Southwest",
        "state": "AZ",
        "zip": "85086",
        "city": "Phoenix",
        "location_name": "SPROUTS CAREFREE",
        "country": "USA",
        "service_zone": "Southwest",
        "route": "210",
        "pwsid": "1146",
        "is_liquos_account": false,
        "hours_of_operation": "7:00 AM - 5:00 PM",
        "days_of_operation": "Monday - Sunday"
    },
    {
        "id": 3,
        "name": "Press Coffee - 3",
        "parent_id": 0,
        "email": "presscoffee3@example.com",
        "phone": "4805905897",
        "physical_address": "4402 N. Miller Rd.",
        "shipping_address": "4402 N. Miller Rd.",
        "billing_address": "4402 N. Miller Rd.",
        "contact_type": "Customer/Business",
        "contact_status": "active",
        "category_description": "Cafe - Coffee Shop",
        "region": "Southwest",
        "state": "AZ",
        "zip": "85251",
        "city": "Scottsdale",
        "location_name": "SPROUTS MILLER",
        "country": "USA",
        "service_zone": "Central",
        "route": "300",
        "pwsid": "1147",
        "is_liquos_account": false,
        "hours_of_operation": "7:00 AM - 5:00 PM",
        "days_of_operation": "Monday - Sunday"
    },
    {
        "id": 4,
        "name": "Press Coffee - 4",
        "parent_id": 0,
        "email": "presscoffee4@example.com",
        "phone": "4802145106",
        "physical_address": "9301 E. Shea Blvd. #132",
        "shipping_address": "9301 E. Shea Blvd. #132",
        "billing_address": "9301 E. Shea Blvd. #132",
        "contact_type": "Customer/Business",
        "contact_status": "active",
        "category_description": "Cafe - Coffee Shop",
        "region": "Southwest",
        "state": "AZ",
        "zip": "85260",
        "city": "Scottsdale",
        "location_name": "SPROUTS SHEA",
        "country": "USA",
        "service_zone": "Central",
        "route": "310",
        "pwsid": "1148",
        "is_liquos_account": false,
        "hours_of_operation": "7:00 AM - 5:00 PM",
        "days_of_operation": "Monday - Sunday"
    },
    {
        "id": 5,
        "name": "Press Coffee - 5",
        "parent_id": 0,
        "email": "presscoffee5@example.com",
        "phone": "4802757024",
        "physical_address": "23269 N. Scottsdale Rd.",
        "shipping_address": "23269 N. Scottsdale Rd.",
        "billing_address": "23269 N. Scottsdale Rd.",
        "contact_type": "Customer/Business",
        "contact_status": "active",
        "category_description": "Cafe - Coffee Shop",
        "region": "Southwest",
        "state": "AZ",
        "zip": "85255",
        "city": "Scottsdale",
        "location_name": "SPROUTS PINNACLE",
        "country": "USA",
        "service_zone": "Central",
        "route": "320",
        "pwsid": "1149",
        "is_liquos_account": false,
        "hours_of_operation": "7:00 AM - 5:00 PM",
        "days_of_operation": "Monday - Sunday"
    },
    {
        "id": 6,
        "name": "Press Coffee - 6",
        "parent_id": 0,
        "email": "presscoffee6@example.com",
        "phone": "4802659090",
        "physical_address": "8787 N. Scottsdale Rd.",
        "shipping_address": "8787 N. Scottsdale Rd.",
        "billing_address": "8787 N. Scottsdale Rd.",
        "contact_type": "Customer/Business",
        "contact_status": "active",
        "category_description": "Cafe - Coffee Shop",
        "region": "Southwest",
        "state": "AZ",
        "zip": "85253",
        "city": "Scottsdale",
        "location_name": "SPROUTS GAINEY",
        "country": "USA",
        "service_zone": "Central",
        "route": "330",
        "pwsid": "1150",
        "is_liquos_account": false,
        "hours_of_operation": "7:00 AM - 5:00 PM",
        "days_of_operation": "Monday - Sunday"
    },
    {
        "id": 7,
        "name": "Press Coffee - 7",
        "parent_id": 0,
        "email": "presscoffee7@example.com",
        "phone": "6026750766",
        "physical_address": "3320 N. 7th Ave.",
        "shipping_address": "3320 N. 7th Ave.",
        "billing_address": "3320 N. 7th Ave.",
        "contact_type": "Customer/Business",
        "contact_status": "active",
        "category_description": "Cafe - Coffee Shop",
        "region": "Southwest",
        "state": "AZ",
        "zip": "85013",
        "city": "Phoenix",
        "location_name": "SPROUTS OSBORN | PHOENIX",
        "country": "USA",
        "service_zone": "Central",
        "route": "340",
        "pwsid": "1151",
        "is_liquos_account": false,
        "hours_of_operation": "7:00 AM - 5:00 PM",
        "days_of_operation": "Monday - Sunday"
    },
    {
        "id": 8,
        "name": "Press Coffee - 8",
        "parent_id": 0,
        "email": "presscoffee8@example.com",
        "phone": "4805720041",
        "physical_address": "125 N. 2nd St., Ste. 100",
        "shipping_address": "125 N. 2nd St., Ste. 100",
        "billing_address": "125 N. 2nd St., Ste. 100",
        "contact_type": "Customer/Business",
        "contact_status": "active",
        "category_description": "Cafe - Coffee Shop",
        "region": "Southwest",
        "state": "AZ",
        "zip": "85004",
        "city": "Phoenix",
        "location_name": "CONVENTION CENTER",
        "country": "USA",
        "service_zone": "Southwest",
        "route": "350",
        "pwsid": "1152",
        "is_liquos_account": false,
        "hours_of_operation": "6:30 AM - 4:00 PM",
        "days_of_operation": "Monday - Sunday"
    },
    {
        "id": 9,
        "name": "Press Coffee - 9",
        "parent_id": 0,
        "email": "presscoffee9@example.com",
        "phone": "6025953421",
        "physical_address": "100 S. Mill Ave.",
        "shipping_address": "100 S. Mill Ave.",
        "billing_address": "100 S. Mill Ave.",
        "contact_type": "Customer/Business",
        "contact_status": "active",
        "category_description": "Cafe - Coffee Shop",
        "region": "Southwest",
        "state": "AZ",
        "zip": "85281",
        "city": "Tempe",
        "location_name": "100 Mill | TEMPE",
        "country": "USA",
        "service_zone": "Southwest",
        "route": "360",
        "pwsid": "1153",
        "is_liquos_account": false,
        "hours_of_operation": "6:30 AM - 4:00 PM",
        "days_of_operation": "Monday - Sunday"
    },
    {
        "id": 10,
        "name": "Press Coffee - 10",
        "parent_id": 0,
        "email": "presscoffee10@example.com",
        "phone": "6022835591",
        "physical_address": "2390 E Camelback Rd.",
        "shipping_address": "2390 E Camelback Rd.",
        "billing_address": "2390 E Camelback Rd.",
        "contact_type": "Customer/Business",
        "contact_status": "active",
        "category_description": "Cafe - Coffee Shop",
        "region": "Southwest",
        "state": "AZ",
        "zip": "85016",
        "city": "Phoenix",
        "location_name": "BILTMORE CENTER | PHOENIX",
        "country": "USA",
        "service_zone": "Southwest",
        "route": "300",
        "pwsid": "1154",
        "is_liquos_account": false,
        "hours_of_operation": "6:30 AM - 5:30 PM",
        "days_of_operation": "Monday - Sunday"
    },
    {
        "id": 11,
        "name": "Press Coffee - 11",
        "parent_id": 0,
        "email": "presscoffee11@example.com",
        "phone": "",
        "physical_address": "1085 W Queen Creek Rd. Suite 4",
        "shipping_address": "1085 W Queen Creek Rd. Suite 4",
        "billing_address": "1085 W Queen Creek Rd. Suite 4",
        "contact_type": "Customer/Business",
        "contact_status": "active",
        "category_description": "Cafe - Coffee Shop",
        "region": "Southwest",
        "state": "AZ",
        "zip": "85248",
        "city": "Chandler",
        "location_name": "CHANDLER",
        "country": "USA",
        "service_zone": "Central",
        "route": "300",
        "pwsid": "1155",
        "is_liquos_account": false,
        "hours_of_operation": "6:30 AM - 4:00 PM",
        "days_of_operation": "Monday - Sunday"
    },
    {
        "id": 12,
        "name": "Proof Bread",
        "parent_id": null,
        "email": "proofbread@example.com",
        "phone": "",
        "physical_address": "136 W. Main St. ",
        "shipping_address": "136 W. Main St. ",
        "billing_address": "136 W. Main St. ",
        "contact_type": "Customer/Business",
        "contact_status": "active",
        "category_description": "Bakery - Bread Shop",
        "region": "Southwest",
        "state": "AZ",
        "zip": "85201",
        "city": "Mesa",
        "location_name": "Mesa",
        "country": "USA",
        "service_zone": "Southwest",
        "route": "210",
        "pwsid": "1156",
        "is_liquos_account": true,
        "hours_of_operation": "6:30 AM - 4:00 PM",
        "days_of_operation": "Monday - Sunday"
    },
    {
        "id": 13,
        "name": "Proof Bread - 1",
        "parent_id": 12,
        "email": "proofbread1@example.com",
        "phone": "",
        "physical_address": "301 W. Roosevelt St.",
        "shipping_address": "301 W. Roosevelt St.",
        "billing_address": "136 W. Main St. ",
        "contact_type": "Customer/Business",
        "contact_status": "active",
        "category_description": "Bakery - Bread Shop",
        "region": "Southwest",
        "state": "AZ",
        "zip": "85248",
        "city": "Phoenix",
        "location_name": "Proof Bread - Phoenix",
        "country": "USA",
        "service_zone": "Phoenix-Downtown",
        "route": "200",
        "pwsid": "1157",
        "is_liquos_account": true,
        "hours_of_operation": "6:30 AM - 4:00 PM",
        "days_of_operation": "Monday - Sunday"
    },
    {
        "id": 14,
        "name": "Proof Bread - 2",
        "parent_id": 12,
        "email": "proofbread2@example.com",
        "phone": "",
        "physical_address": "136 W. Main St. ",
        "shipping_address": "136 W. Main St. ",
        "billing_address": "136 W. Main St. ",
        "contact_type": "Customer/Business",
        "contact_status": "inactive",
        "category_description": "Bakery - Bread Shop",
        "region": "Southwest",
        "state": "AZ",
        "zip": "85201",
        "city": "Tempe",
        "location_name": "Proof Bread - Tempe",
        "country": "USA",
        "service_zone": "Southwest",
        "route": "210",
        "pwsid": "1158",
        "is_liquos_account": true,
        "hours_of_operation": "6:30 AM - 4:00 PM",
        "days_of_operation": "Monday - Sunday"
    }
]